Product Name,SKU,Price,Website name
"""T"" Start axle for 21.25.28",SKU29RC1103,"249,00 DKK",https://rckongen.dk/
60097 - Diff. Pinions (11T),SKU29TW0115,"99,00 DKK",https://rckongen.dk/
85762 - Diffenrential case,SKU29TW0112,"49,00 DKK",https://rckongen.dk/
6x12x4mm Kugleleje med gummiforsegling - 1 stk,SKU29fr0032,"12,00 DKK",https://rckongen.dk/
6x10x3mm Kugleleje med gummiforsegling - 1 stk,SKU29fr0020,"12,00 DKK",https://rckongen.dk/
6x12x4mm Kugleleje,SKU29AE0263,"59,00 DKK",https://rckongen.dk/
85808 - Pins 3 x 17 mm,SKU29TW0135,"25,00 DKK",https://rckongen.dk/
60098 - Diff gear (38T),SKU29TW0116,"99,00 DKK",https://rckongen.dk/
"85803 - Pins 2,5 x 11",SKU29TW0136,"59,00 DKK",https://rckongen.dk/
60093P - Wheel axle,SKU29TW0109,"49,00 DKK",https://rckongen.dk/
"60072 - Lower susp. Arm hinge pin 3,5 x 66 mm",SKU29TW0134,"29,00 DKK",https://rckongen.dk/
"60071 - Front upper susp. Arm hinge pins 3,5 x 47 mm",SKU29TW0133,"29,00 DKK",https://rckongen.dk/
60064P - Rear center dogbone (79 mm),SKU29TW0127,"69,00 DKK",https://rckongen.dk/
"60067 - Rear hub carrier hinge pins (short) 3 x 19,7 mm",SKU29TW0130,"29,00 DKK",https://rckongen.dk/
60069 - Front hub carrier hinge pins (long) 3 x 31 mm,SKU29TW0131,"29,00 DKK",https://rckongen.dk/
60068 - Front hub carrier hinge pins (short) 3x21 mm,SKU29TW0129,"29,00 DKK",https://rckongen.dk/
"60070 - Rear hub carrier hinge pins (long) 3 x 35,5 mm",SKU29TW0132,"29,00 DKK",https://rckongen.dk/
60057 - Wing stay,SKU29TW0120,"69,00 DKK",https://rckongen.dk/
60020 - Rear lower suspension arm reinforcement plate,SKU29TW0124,"39,00 DKK",https://rckongen.dk/
60024 -Aluminium Wing holder,SKU29TW0140,"199,00 DKK",https://rckongen.dk/
60019P - Rear lower suspension arm holder,SKU29TW0123,"49,00 DKK",https://rckongen.dk/
5x12x4mm Kugleleje med gummiforsegling - 1 stk,SKU29fr0023,"12,00 DKK",https://rckongen.dk/
60017 - Aluminium Rear lower suspension holder,SKU29TW0138,"149,00 DKK",https://rckongen.dk/
60018 - Aluminium Front upper suspension holder,SKU29TW0139,"149,00 DKK",https://rckongen.dk/
5x11x4mm Kugleleje med gummiforsegling - 1 stk,SKU29fr0016,"12,00 DKK",https://rckongen.dk/
60010P - Diff cup,SKU29TW0111,"49,00 DKK",https://rckongen.dk/
5x10x4mm Kugleleje med gummiforsegling - 1 stk,SKU29fr0022,"12,00 DKK",https://rckongen.dk/
"5,8 mm hard ball joint",SKU29092053,"89,00 DKK",https://rckongen.dk/
3x6x2mm Kugleleje - 1 stk,SKU29fr0021,"12,00 DKK",https://rckongen.dk/
3x5mm Skruer med hoved - 6 stk,SKU29TW0056,"19,00 DKK",https://rckongen.dk/
3x6x2.5mm Kugleleje med gummiforsegling - 1 stk,SKU29fr0036,"12,00 DKK",https://rckongen.dk/
"3x16mm Skruer, selvskærende - 6 stk",SKU29177476,"5,00 DKK",https://rckongen.dk/
"3x13mm Skruer, selvskærende - 4 stk",SKU29177475,"5,00 DKK",https://rckongen.dk/
"3/16x3/8"" Kugleleje - R166ZZ - 1 stk",SKU29FR0011,"12,00 DKK",https://rckongen.dk/
5.3 mm steel ball,SKU29HBS003,"69,00 DKK",https://rckongen.dk/
20x27x4mm Kugleleje med gummiforsegling - 1 stk,SKU29fr0033,"35,00 DKK",https://rckongen.dk/
17x30x7mm Kugleleje - 6903ZZ - 1 stk,SKU29FR0007,"15,00 DKK",https://rckongen.dk/
15x28x7mm Kugleleje - 1 stk,SKU29220407,"49,00 DKK",https://rckongen.dk/
2 mm Krympeflex Sort til ledinger - 150 mm længde,SKU29sa0024,"10,00 DKK",https://rckongen.dk/
15x24x5mm Kugleleje med gummiforsegling - 1 stk,SKU29fr0035,"19,00 DKK",https://rckongen.dk/
12x24x6mm Kugleleje med gummiforsegling - 1 stk,SKU29fr0018,"12,00 DKK",https://rckongen.dk/
12x18x4mm Kugleleje - 1 stk,SKU29FR0014,"19,00 DKK",https://rckongen.dk/
12x18x4mm Kugleleje med gummiforsegling - 1 stk,SKU29fr0026,"15,00 DKK",https://rckongen.dk/
10x15x4mm Kugleleje med gummiforsegling - 1 stk,SKU29fr0015,"15,00 DKK",https://rckongen.dk/
1/10 Himoto Monster Truck dæk - 2 stk,SKU29008043,"139,00 DKK",https://rckongen.dk/
102T Spur gear i 64 Pitch,SKU30B68102,"39,00 DKK",https://rckongen.dk/
1 meter Krympeflex Sort til 12 AWG ledning,SKU29SA0020,"10,00 DKK",https://rckongen.dk/
